step,succ_ratio,avg_speed_car,avg_speed_uav,v2u_rate,v2i_rate,u2i_rate,avg_running_compute_delay,pre_ratio,pre_v2u_rate,pre_v2i_rate,pre_u2i_rate
10,1.0,0.0,20.07,0.0,0.0,0.0,0.0,1.0,0.0,0.0,0.0
20,1.0,1.03,15.1,0.0,0.0,0.0,0.0,1.0,0.0,0.0,0.0
30,1.0,3.18,19.58,0.0,0.0,0.0,0.0,1.0,0.0,0.0,0.0
40,1.0,4.05,19.64,0.0,0.0,0.0,0.0,1.0,0.0,0.0,0.0
50,1.0,6.01,19.08,0.0,0.0,0.0,0.65,1.0,0.0,0.0,0.0
60,1.0,5.67,20.58,0.0,0.0,0.0,1.2,1.0,0.0,0.0,0.0
70,1.0,7.69,22.47,0.0,0.0,0.0,0.2,1.0,0.0,0.0,0.0
80,1.0,7.05,16.2,0.0,0.0,0.0,0.0,1.0,0.0,0.0,0.0
90,1.0,7.84,19.91,0.0,0.0,0.0,0.0,1.0,0.0,0.0,0.0
100,1.0,9.67,21.35,0.0,0.0,0.0,0.0,1.0,0.0,0.0,0.0
110,1.0,11.47,19.82,0.0,0.0,0.0,1.2,1.0,0.0,0.0,0.0
120,1.0,13.35,18.08,0.0,0.0,0.0,0.35,1.0,0.0,0.0,0.0
130,1.0,12.61,19.23,0.0,0.0,0.0,0.8375,1.0,0.0,0.0,0.0
140,0.8462,12.89,22.17,0.0,0.0,0.0,0.4167,1.0,0.0,0.0,0.0
150,0.8667,12.94,17.9,0.0,0.0,0.0,0.25,0.8462,0.0,0.0,0.0
160,0.875,11.98,22.37,0.0,0.0,0.0,0.0,0.8667,0.0,0.0,0.0
170,0.875,11.67,24.07,0.0,0.0,0.0,0.8375,0.875,0.0,0.0,0.0
180,0.7619,11.95,18.99,0.0,0.0,0.0,0.8083,0.875,0.0,0.0,0.0
190,0.7391,12.21,19.76,0.0,0.0,0.0,0.3,0.7619,0.0,0.0,0.0
200,0.75,11.54,24.1,0.0,0.0,0.0,0.8,0.7391,0.0,0.0,0.0
210,0.76,12.24,20.71,0.0,0.0,0.0,1.4,0.75,0.0,0.0,0.0
220,0.76,11.9,23.77,0.0,0.0,0.0,0.6,0.76,0.0,0.0,0.0
230,0.7241,11.37,18.78,0.0,0.0,0.0,0.0,0.76,0.0,0.0,0.0
240,0.7333,10.63,20.63,0.0,0.0,0.31,1.3,0.7241,0.0,0.0,0.0
250,0.7333,11.01,23.04,0.0,0.0,0.3,0.3,0.7333,0.0,0.0,0.31
260,0.7419,11.58,14.41,0.0,0.0,0.29,1.3,0.7333,0.0,0.0,0.3
270,0.7419,12.12,20.53,0.0,0.0,0.28,0.75,0.7419,0.0,0.0,0.29
280,0.75,11.7,18.46,0.0,0.0,0.27,0.2,0.7419,0.0,0.0,0.28
290,0.7647,11.98,21.11,0.28,0.0,0.26,1.2,0.75,0.0,0.0,0.27
300,0.7429,12.08,22.31,0.27,0.0,0.25,0.35,0.7647,0.28,0.0,0.26
310,0.7368,11.66,21.19,0.27,0.0,0.24,0.8,0.7429,0.27,0.0,0.25
320,0.75,11.53,22.11,0.26,0.0,0.23,0.85,0.7368,0.27,0.0,0.24
330,0.7561,11.18,23.34,0.25,0.0,0.23,1.6,0.75,0.26,0.0,0.23
340,0.7209,11.01,17.25,0.24,0.0,0.22,1.5,0.7561,0.25,0.0,0.23
350,0.7273,11.29,19.22,0.23,0.0,0.21,1.0,0.7209,0.24,0.0,0.22
360,0.7021,11.55,17.0,0.23,0.0,0.21,1.05,0.7273,0.23,0.0,0.21
370,0.6939,11.46,20.44,0.22,0.0,0.2,0.6667,0.7021,0.23,0.0,0.21
380,0.6863,11.31,21.67,0.22,0.0,0.2,0.2,0.6939,0.22,0.0,0.2
390,0.6923,10.94,19.56,0.21,0.0,0.19,0.9667,0.6863,0.22,0.0,0.2
400,0.7037,11.11,17.73,0.21,0.0,0.19,0.55,0.6923,0.21,0.0,0.19
410,0.7143,10.55,23.28,0.2,0.0,0.18,0.6,0.7037,0.21,0.0,0.19
420,0.6897,10.52,22.01,0.2,0.0,0.18,0.75,0.7143,0.2,0.0,0.18
430,0.7,11.26,20.49,0.19,0.0,0.17,0.8333,0.6897,0.2,0.0,0.18
440,0.7143,10.91,17.22,0.19,0.0,0.17,0.5,0.7,0.19,0.0,0.17
450,0.7077,11.05,22.34,0.18,0.0,0.17,1.125,0.7143,0.19,0.0,0.17
460,0.7121,11.18,17.84,0.18,0.0,0.16,0.6667,0.7077,0.18,0.0,0.17
470,0.6901,10.76,16.41,0.17,0.0,0.16,0.8083,0.7121,0.18,0.0,0.16
480,0.6974,9.84,22.11,0.17,0.0,0.16,0.4,0.6901,0.17,0.0,0.16
490,0.7,9.45,16.86,0.17,0.0,0.15,0.95,0.6974,0.17,0.0,0.16
500,0.6914,9.51,19.51,0.16,0.0,0.15,0.4,0.7,0.17,0.0,0.15
510,0.6951,9.82,20.52,0.16,0.0,0.15,1.2,0.6914,0.16,0.0,0.15
520,0.6951,10.41,17.95,0.16,0.0,0.14,0.975,0.6951,0.16,0.0,0.15
530,0.6988,11.19,20.22,0.16,0.0,0.14,0.35,0.6951,0.16,0.0,0.14
540,0.7011,11.69,21.28,0.15,0.0,0.14,1.0333,0.6988,0.16,0.0,0.14
550,0.7045,11.46,22.89,0.15,0.0,0.14,0.825,0.7011,0.15,0.0,0.14
560,0.7111,11.92,19.26,0.15,0.0,0.13,0.65,0.7045,0.15,0.0,0.14
570,0.7097,11.53,21.89,0.14,0.0,0.13,0.5667,0.7111,0.15,0.0,0.13
580,0.7083,12.22,19.19,0.14,0.0,0.13,1.15,0.7097,0.14,0.0,0.13
590,0.697,12.21,22.96,0.14,0.0,0.13,0.76,0.7083,0.14,0.0,0.13
600,0.7143,12.66,19.34,0.22,0.0,0.12,0.0,0.697,0.14,0.0,0.13
610,0.7143,12.58,21.75,0.22,0.0,0.12,1.3,0.7143,0.22,0.0,0.12
620,0.7075,12.19,19.34,0.22,0.0,0.12,0.2,0.7143,0.22,0.0,0.12
630,0.7156,11.9,22.41,0.21,0.0,0.12,1.05,0.7075,0.22,0.0,0.12
640,0.7182,11.81,18.96,0.21,0.0,0.12,1.125,0.7156,0.21,0.0,0.12
650,0.7105,11.48,16.13,0.21,0.0,0.11,0.5,0.7182,0.21,0.0,0.12
660,0.6983,11.24,20.88,0.2,0.0,0.11,0.5667,0.7105,0.21,0.0,0.11
670,0.7059,11.16,19.73,0.2,0.0,0.11,1.25,0.6983,0.2,0.0,0.11
680,0.7059,10.77,19.01,0.2,0.0,0.11,0.4,0.7059,0.2,0.0,0.11
690,0.7154,10.36,18.67,0.2,0.0,0.11,1.1738,0.7059,0.2,0.0,0.11
700,0.6757,10.2,20.82,0.19,0.0,0.11,0.925,0.7154,0.2,0.0,0.11
710,0.6667,10.16,21.98,0.19,0.0,0.11,0.35,0.6757,0.19,0.0,0.11
720,0.6711,10.19,20.32,0.19,0.0,0.1,1.4,0.6667,0.19,0.0,0.11
730,0.6623,10.2,17.18,0.18,0.0,0.1,1.1143,0.6711,0.19,0.0,0.1
740,0.6425,10.31,16.26,0.18,0.0,0.1,1.2208,0.6623,0.18,0.0,0.1
750,0.6389,10.31,21.45,0.18,0.0,0.1,1.3467,0.6425,0.18,0.0,0.1
760,0.6257,10.42,18.56,0.18,0.0,0.1,1.0875,0.6389,0.18,0.0,0.1
770,0.6062,10.87,18.23,0.17,0.0,0.1,1.1719,0.6257,0.18,0.0,0.1
780,0.586,10.9,22.0,0.17,0.0,0.1,0.85,0.6062,0.17,0.0,0.1
790,0.588,11.1,20.69,0.17,0.0,0.09,0.125,0.586,0.17,0.0,0.1
800,0.5917,11.3,18.56,0.17,0.0,0.09,1.15,0.588,0.17,0.0,0.09
810,0.5917,11.55,22.01,0.17,0.0,0.09,1.2737,0.5917,0.17,0.0,0.09
820,0.5909,11.26,18.79,0.16,0.0,0.09,0.9833,0.5917,0.17,0.0,0.09
830,0.5743,11.57,23.23,0.16,0.0,0.09,1.25,0.5909,0.16,0.0,0.09
840,0.5743,11.87,22.52,0.16,0.0,0.09,0.5,0.5743,0.16,0.0,0.09
850,0.5794,11.84,16.87,0.16,0.0,0.09,0.9278,0.5743,0.16,0.0,0.09
860,0.5882,11.71,16.66,0.16,0.0,0.09,1.1722,0.5794,0.16,0.0,0.09
870,0.5861,11.71,16.45,0.15,0.0,0.09,0.4167,0.5882,0.16,0.0,0.09
880,0.5921,11.55,21.56,0.15,0.0,0.08,0.7,0.5861,0.15,0.0,0.09
890,0.6063,11.43,17.57,0.18,0.05,0.08,0.7321,0.5921,0.15,0.0,0.08
900,0.6159,11.01,22.89,0.17,0.05,0.08,0.46,0.6063,0.18,0.05,0.08
910,0.6156,10.76,20.43,0.17,0.05,0.08,0.45,0.6159,0.17,0.05,0.08
920,0.6181,10.64,20.25,0.17,0.05,0.08,0.8333,0.6156,0.17,0.05,0.08
930,0.6194,10.68,22.06,0.21,0.07,0.08,1.139,0.6181,0.17,0.05,0.08
940,0.6168,10.31,19.82,0.21,0.07,0.08,0.805,0.6194,0.21,0.07,0.08
950,0.6136,10.18,18.83,0.21,0.07,0.08,1.3,0.6168,0.21,0.07,0.08
960,0.6111,10.03,20.94,0.21,0.07,0.08,0.5875,0.6136,0.21,0.07,0.08
970,0.6116,10.05,20.12,0.26,0.09,0.08,0.9228,0.6111,0.21,0.07,0.08
980,0.6175,10.11,19.25,0.26,0.09,0.08,1.8833,0.6116,0.26,0.09,0.08
990,0.6158,10.14,21.36,0.26,0.09,0.08,1.2222,0.6175,0.26,0.09,0.08
1000,0.6092,10.39,20.88,0.25,0.09,0.07,0.9333,0.6158,0.26,0.09,0.08
1010,0.607,10.67,17.21,0.27,0.1,0.07,1.2851,0.6092,0.25,0.09,0.07
1020,0.6035,10.74,21.5,0.27,0.1,0.17,1.0944,0.607,0.27,0.1,0.07
1030,0.5916,10.78,19.32,0.27,0.1,0.16,0.6,0.6035,0.27,0.1,0.17
1040,0.5926,11.11,17.58,0.27,0.1,0.16,0.25,0.5916,0.27,0.1,0.16
1050,0.5936,10.97,19.68,0.26,0.12,0.18,0.94,0.5926,0.27,0.1,0.16
1060,0.5944,11.05,20.32,0.26,0.18,0.18,1.3344,0.5936,0.26,0.12,0.18
1070,0.5935,11.27,20.63,0.26,0.17,0.18,0.425,0.5944,0.26,0.18,0.18
1080,0.594,11.5,17.67,0.26,0.17,0.18,0.8,0.5935,0.26,0.17,0.18
1090,0.595,11.67,23.37,0.25,0.19,0.19,0.871,0.594,0.26,0.17,0.18
1100,0.6065,11.84,20.93,0.25,0.19,0.19,1.1,0.595,0.25,0.19,0.19
1110,0.6048,11.96,19.28,0.25,0.19,0.19,0.82,0.6065,0.25,0.19,0.19
1120,0.6073,11.56,20.37,0.25,0.18,0.19,0.35,0.6048,0.25,0.19,0.19
1130,0.609,11.03,21.92,0.24,0.2,0.21,0.9673,0.6073,0.25,0.18,0.19
1140,0.609,10.77,20.02,0.24,0.2,0.2,1.35,0.609,0.24,0.2,0.21
1150,0.6053,10.72,16.5,0.24,0.2,0.2,0.625,0.609,0.24,0.2,0.2
1160,0.6044,10.63,17.31,0.24,0.2,0.2,0.3,0.6053,0.24,0.2,0.2
1170,0.606,10.54,18.85,0.24,0.19,0.22,1.2617,0.6044,0.24,0.2,0.2
1180,0.5985,10.62,21.01,0.23,0.19,0.23,1.1183,0.606,0.24,0.19,0.22
1190,0.5962,10.61,21.05,0.23,0.19,0.29,0.3757,0.5985,0.23,0.19,0.23
1200,0.6023,10.53,17.05,0.23,0.19,0.29,0.0,0.5962,0.23,0.19,0.29
1210,0.6023,10.79,19.85,0.23,0.19,0.3,1.2179,0.6023,0.23,0.19,0.29
1220,0.5993,11.28,21.49,0.23,0.19,0.3,1.2083,0.6023,0.23,0.19,0.3
1230,0.5939,11.52,21.72,0.22,0.18,0.3,0.5,0.5993,0.23,0.19,0.3
1240,0.5954,11.58,22.57,0.22,0.18,0.3,0.0,0.5939,0.22,0.18,0.3
1250,0.5954,11.68,21.51,0.22,0.18,0.37,1.323,0.5954,0.22,0.18,0.3
1260,0.5928,11.73,18.52,0.22,0.18,0.37,1.01,0.5954,0.22,0.18,0.37
1270,0.5818,11.57,18.7,0.22,0.18,0.36,0.5667,0.5928,0.22,0.18,0.37
1280,0.5839,11.34,23.25,0.22,0.18,0.36,1.3,0.5818,0.22,0.18,0.36
1290,0.5839,10.86,22.8,0.21,0.18,0.36,1.0765,0.5839,0.22,0.18,0.36
1300,0.5896,10.47,19.11,0.21,0.17,0.36,0.97,0.5839,0.21,0.18,0.36
1310,0.5874,10.18,20.25,0.21,0.17,0.35,0.2,0.5896,0.21,0.17,0.36
1320,0.588,10.1,18.63,0.21,0.17,0.35,1.3,0.5874,0.21,0.17,0.35
1330,0.5871,10.16,20.46,0.21,0.17,0.36,1.0452,0.588,0.21,0.17,0.35
1340,0.5903,10.19,19.87,0.21,0.17,0.36,1.08,0.5871,0.21,0.17,0.36
1350,0.5864,10.05,21.0,0.2,0.17,0.36,0.7667,0.5903,0.21,0.17,0.36
1360,0.589,9.63,23.48,0.2,0.17,0.42,0.2333,0.5864,0.2,0.17,0.36
1370,0.5908,9.51,22.32,0.2,0.17,0.43,1.065,0.589,0.2,0.17,0.42
1380,0.5894,9.19,24.02,0.2,0.16,0.43,1.0333,0.5908,0.2,0.17,0.43
1390,0.5859,9.03,19.88,0.2,0.16,0.42,0.4222,0.5894,0.2,0.16,0.43
1400,0.5877,8.98,25.47,0.2,0.16,0.42,0.94,0.5859,0.2,0.16,0.42
1410,0.5875,8.9,21.44,0.2,0.16,0.43,1.1395,0.5877,0.2,0.16,0.42
1420,0.5837,8.99,16.86,0.19,0.16,0.43,1.0357,0.5875,0.2,0.16,0.43
1430,0.581,9.17,22.44,0.19,0.16,0.48,0.295,0.5837,0.19,0.16,0.43
1440,0.5839,9.47,22.06,0.19,0.16,0.55,0.0,0.581,0.19,0.16,0.48
1450,0.5839,9.88,19.02,0.19,0.16,0.56,1.1005,0.5839,0.19,0.16,0.55
1460,0.5766,10.4,19.37,0.19,0.16,0.63,0.8836,0.5839,0.19,0.16,0.56
1470,0.572,10.69,17.88,0.19,0.15,0.67,0.4012,0.5766,0.19,0.16,0.63
1480,0.5737,10.66,21.39,0.19,0.15,0.67,0.7133,0.572,0.19,0.15,0.67
1490,0.5735,10.86,18.8,0.19,0.15,0.66,0.91,0.5737,0.19,0.15,0.67
1500,0.5785,10.99,20.09,0.18,0.15,0.66,1.0833,0.5735,0.19,0.15,0.66
1510,0.5778,11.14,18.15,0.18,0.15,0.65,0.3667,0.5785,0.18,0.15,0.66
1520,0.5794,11.41,21.72,0.18,0.15,0.65,1.25,0.5778,0.18,0.15,0.65
1530,0.5794,11.69,21.59,0.18,0.15,0.66,1.005,0.5794,0.18,0.15,0.65
1540,0.5779,11.85,21.78,0.18,0.15,0.65,1.1733,0.5794,0.18,0.15,0.66
1550,0.5758,11.7,19.16,0.18,0.15,0.65,0.69,0.5779,0.18,0.15,0.65
1560,0.5765,11.61,19.26,0.18,0.15,0.65,1.2,0.5758,0.18,0.15,0.65
1570,0.5765,11.62,20.33,0.18,0.14,0.65,0.9757,0.5765,0.18,0.15,0.65
1580,0.5814,11.67,23.35,0.17,0.14,0.65,0.0,0.5765,0.18,0.14,0.65
1590,0.5814,11.76,19.75,0.17,0.14,0.65,0.6,0.5814,0.17,0.14,0.65
1600,0.5819,11.84,21.58,0.17,0.14,0.64,1.3,0.5814,0.17,0.14,0.65
1610,0.5819,11.83,21.69,0.17,0.14,0.65,0.9777,0.5819,0.17,0.14,0.64
1620,0.5842,11.83,19.98,0.17,0.14,0.65,0.945,0.5819,0.17,0.14,0.65
1630,0.5829,11.79,19.52,0.17,0.14,0.64,0.3125,0.5842,0.17,0.14,0.65
1640,0.5848,11.83,18.56,0.17,0.14,0.7,0.47,0.5829,0.17,0.14,0.64
1650,0.5852,11.84,21.68,0.17,0.14,0.69,1.0359,0.5848,0.17,0.14,0.7
1660,0.5885,11.83,18.35,0.17,0.14,0.74,1.4222,0.5852,0.17,0.14,0.69
1670,0.5872,11.78,17.52,0.17,0.14,0.74,1.2389,0.5885,0.17,0.14,0.74
1680,0.5864,11.72,19.03,0.16,0.13,0.74,0.1,0.5872,0.17,0.14,0.74
1690,0.5868,11.69,18.11,0.16,0.13,0.73,1.2075,0.5864,0.16,0.13,0.74
1700,0.5874,11.4,22.21,0.16,0.13,0.73,0.9611,0.5868,0.16,0.13,0.73
1710,0.5848,11.24,19.44,0.16,0.13,0.72,0.0,0.5874,0.16,0.13,0.73
1720,0.5848,11.3,20.95,0.16,0.13,0.72,0.75,0.5848,0.16,0.13,0.72
1730,0.5853,10.96,18.3,0.16,0.13,0.71,1.2911,0.5848,0.16,0.13,0.72
1740,0.5835,10.79,21.58,0.16,0.13,0.71,1.3,0.5853,0.16,0.13,0.71
1750,0.5829,10.4,24.0,0.16,0.13,0.71,0.775,0.5835,0.16,0.13,0.71
1760,0.5815,10.24,20.84,0.16,0.13,0.7,0.25,0.5829,0.16,0.13,0.71
1770,0.5824,9.98,18.68,0.16,0.13,0.7,1.0861,0.5815,0.16,0.13,0.7
1780,0.5849,9.63,22.76,0.15,0.13,0.69,0.9875,0.5824,0.16,0.13,0.7
1790,0.5836,9.45,19.84,0.15,0.13,0.69,0.3,0.5849,0.15,0.13,0.69
1800,0.584,8.95,19.91,0.15,0.13,0.69,1.05,0.5836,0.15,0.13,0.69
1810,0.5844,8.69,21.2,0.15,0.13,0.68,1.1795,0.584,0.15,0.13,0.69
1820,0.5809,8.24,19.66,0.15,0.12,0.68,1.7333,0.5844,0.15,0.13,0.68
1830,0.5792,8.38,17.44,0.15,0.12,0.68,0.8467,0.5809,0.15,0.12,0.68
1840,0.5781,8.48,20.52,0.15,0.12,0.67,1.05,0.5792,0.15,0.12,0.68
1850,0.5781,8.55,26.59,0.15,0.12,0.67,1.2125,0.5781,0.15,0.12,0.67
1860,0.5782,8.29,21.69,0.15,0.12,0.66,1.1625,0.5781,0.15,0.12,0.67
1870,0.5748,8.23,19.35,0.15,0.12,0.66,1.0704,0.5782,0.15,0.12,0.66
1880,0.5763,8.4,20.16,0.15,0.12,0.66,0.7278,0.5748,0.15,0.12,0.66
1890,0.5764,8.43,19.39,0.15,0.13,0.65,1.0665,0.5763,0.15,0.12,0.66
1900,0.5754,8.49,17.9,0.15,0.13,0.65,0.7438,0.5764,0.15,0.13,0.65
1910,0.5764,8.74,23.33,0.14,0.16,0.65,0.0,0.5754,0.15,0.13,0.65
1920,0.5764,8.71,18.94,0.14,0.16,0.64,1.05,0.5764,0.14,0.16,0.65
1930,0.5768,8.96,18.72,0.14,0.17,0.64,1.0059,0.5764,0.14,0.16,0.64
1940,0.5778,8.98,18.92,0.14,0.23,0.64,0.7775,0.5768,0.14,0.17,0.64
1950,0.5747,9.02,26.1,0.14,0.23,0.63,0.58,0.5778,0.14,0.23,0.64
1960,0.5751,8.64,24.51,0.14,0.22,0.63,0.55,0.5747,0.14,0.23,0.63
1970,0.5755,8.95,21.04,0.14,0.23,0.63,0.8419,0.5751,0.14,0.22,0.63
1980,0.5793,9.17,15.07,0.14,0.23,0.62,1.05,0.5755,0.14,0.23,0.63
1990,0.5791,9.26,21.19,0.14,0.27,0.62,0.71,0.5793,0.14,0.23,0.62
2000,0.5794,9.34,20.89,0.14,0.27,0.62,0.6975,0.5791,0.14,0.27,0.62
2010,0.5787,9.48,17.67,0.14,0.28,0.62,1.1433,0.5794,0.14,0.27,0.62
2020,0.5761,9.75,24.47,0.14,0.28,0.61,1.03,0.5787,0.14,0.28,0.62
2030,0.5747,9.73,17.76,0.14,0.28,0.61,0.1667,0.5761,0.14,0.28,0.61
2040,0.5746,9.87,22.04,0.14,0.28,0.61,0.8,0.5747,0.14,0.28,0.61
2050,0.5749,9.95,17.42,0.13,0.29,0.6,1.1285,0.5746,0.14,0.28,0.61
2060,0.5718,10.0,24.67,0.13,0.29,0.6,1.0733,0.5749,0.13,0.29,0.6
2070,0.5699,9.95,20.22,0.13,0.28,0.6,0.7944,0.5718,0.13,0.29,0.6
2080,0.5705,9.77,17.77,0.13,0.28,0.59,0.2333,0.5699,0.13,0.28,0.6
2090,0.5707,9.58,17.34,0.15,0.29,0.59,0.871,0.5705,0.13,0.28,0.59
2100,0.5751,9.23,18.78,0.15,0.29,0.59,1.0375,0.5707,0.15,0.29,0.59
2110,0.575,8.93,22.2,0.15,0.29,0.59,0.35,0.5751,0.15,0.29,0.59
2120,0.576,8.67,15.46,0.15,0.29,0.58,0.8667,0.575,0.15,0.29,0.59
2130,0.5759,8.47,21.75,0.17,0.3,0.58,0.8982,0.576,0.15,0.29,0.58
2140,0.5752,8.36,19.11,0.16,0.29,0.58,1.2,0.5759,0.17,0.3,0.58
2150,0.5739,8.32,22.66,0.16,0.29,0.58,0.75,0.5752,0.16,0.29,0.58
2160,0.5755,8.39,24.02,0.16,0.33,0.57,0.8933,0.5739,0.16,0.29,0.58
2170,0.5769,8.65,20.55,0.18,0.34,0.57,1.3006,0.5755,0.16,0.33,0.57
2180,0.5727,8.9,22.6,0.18,0.34,0.57,1.0,0.5769,0.18,0.34,0.57
2190,0.5722,9.06,20.46,0.18,0.37,0.56,0.41,0.5727,0.18,0.34,0.57
2200,0.5741,9.13,18.41,0.18,0.37,0.56,1.3,0.5722,0.18,0.37,0.56
2210,0.5737,9.03,21.38,0.17,0.38,0.56,0.9513,0.5741,0.18,0.37,0.56
2220,0.5764,8.94,18.69,0.17,0.38,0.56,1.3056,0.5737,0.17,0.38,0.56
2230,0.5751,8.89,17.97,0.17,0.41,0.55,0.5807,0.5764,0.17,0.38,0.56
2240,0.5753,8.67,17.69,0.17,0.41,0.55,1.14,0.5751,0.17,0.41,0.55
2250,0.5752,8.67,20.87,0.17,0.41,0.55,0.9877,0.5753,0.17,0.41,0.55
2260,0.576,8.58,23.27,0.17,0.41,0.55,1.2167,0.5752,0.17,0.41,0.55
2270,0.576,8.3,19.83,0.17,0.41,0.54,0.2167,0.576,0.17,0.41,0.55
2280,0.5766,8.45,23.96,0.17,0.41,0.54,0.9,0.576,0.17,0.41,0.54
2290,0.5766,8.49,22.94,0.17,0.41,0.54,1.085,0.5766,0.17,0.41,0.54
2300,0.5774,8.55,20.55,0.17,0.41,0.54,0.975,0.5766,0.17,0.41,0.54
2310,0.5773,8.45,20.91,0.17,0.4,0.54,1.3375,0.5774,0.17,0.41,0.54
2320,0.5771,8.62,22.38,0.17,0.4,0.53,1.19,0.5773,0.17,0.4,0.54
2330,0.5761,8.75,23.34,0.17,0.4,0.53,1.2842,0.5771,0.17,0.4,0.53
2340,0.5728,8.84,20.0,0.16,0.4,0.53,1.0833,0.5761,0.17,0.4,0.53
2350,0.572,8.78,18.64,0.16,0.4,0.53,0.6333,0.5728,0.16,0.4,0.53
2360,0.5726,8.98,22.25,0.16,0.4,0.52,0.8333,0.572,0.16,0.4,0.53
2370,0.5729,9.09,17.81,0.16,0.39,0.52,1.37,0.5726,0.16,0.4,0.52
2380,0.5704,9.07,20.52,0.16,0.39,0.52,1.0479,0.5729,0.16,0.39,0.52
2390,0.5684,9.02,22.35,0.16,0.39,0.52,0.6833,0.5704,0.16,0.39,0.52
2400,0.5683,8.99,20.5,0.16,0.39,0.52,0.9,0.5684,0.16,0.39,0.52
2410,0.5682,9.04,17.42,0.16,0.39,0.51,1.3553,0.5683,0.16,0.39,0.52
2420,0.5672,9.03,17.32,0.16,0.39,0.51,1.0,0.5682,0.16,0.39,0.51
2430,0.566,8.88,20.68,0.16,0.38,0.51,1.2333,0.5672,0.16,0.39,0.51
2440,0.5659,8.66,19.39,0.16,0.38,0.51,0.87,0.566,0.16,0.38,0.51
2450,0.5664,8.77,17.31,0.16,0.38,0.5,1.3,0.5659,0.16,0.38,0.51
2460,0.5646,8.83,21.8,0.16,0.38,0.5,1.0333,0.5664,0.16,0.38,0.5
2470,0.5639,9.09,18.82,0.16,0.38,0.5,0.65,0.5646,0.16,0.38,0.5
2480,0.5644,9.14,20.72,0.16,0.38,0.5,0.9333,0.5639,0.16,0.38,0.5
2490,0.5644,9.41,21.47,0.15,0.37,0.5,1.245,0.5644,0.16,0.38,0.5
2500,0.5635,9.81,17.28,0.15,0.37,0.49,1.1467,0.5644,0.15,0.37,0.5
2510,0.5627,10.09,22.37,0.15,0.37,0.49,1.2867,0.5635,0.15,0.37,0.49
2520,0.5629,10.27,22.75,0.15,0.37,0.49,1.0889,0.5627,0.15,0.37,0.49
2530,0.5628,10.27,19.68,0.15,0.37,0.49,1.2456,0.5629,0.15,0.37,0.49
2540,0.5614,10.2,22.31,0.15,0.37,0.49,1.4278,0.5628,0.15,0.37,0.49
2550,0.56,9.74,19.7,0.15,0.37,0.48,0.975,0.5614,0.15,0.37,0.49
2560,0.56,9.37,21.2,0.15,0.36,0.48,1.0667,0.56,0.15,0.37,0.48
2570,0.5602,9.08,17.75,0.15,0.36,0.48,1.2889,0.56,0.15,0.36,0.48
2580,0.5572,9.1,20.55,0.15,0.36,0.48,1.0556,0.5602,0.15,0.36,0.48
2590,0.5562,8.87,17.79,0.15,0.36,0.48,0.39,0.5572,0.15,0.36,0.48
2600,0.556,8.76,22.7,0.15,0.36,0.48,1.6,0.5562,0.15,0.36,0.48
2610,0.5553,8.4,19.95,0.15,0.36,0.47,0.8,0.556,0.15,0.36,0.48
2620,0.5558,8.34,16.58,0.15,0.36,0.47,1.075,0.5553,0.15,0.36,0.47
2630,0.5571,8.27,21.47,0.15,0.38,0.47,0.0,0.5558,0.15,0.36,0.47
2640,0.5571,8.25,24.46,0.15,0.38,0.47,0.7667,0.5571,0.15,0.38,0.47
2650,0.5579,8.33,17.41,0.15,0.38,0.47,1.1333,0.5571,0.15,0.38,0.47
2660,0.5582,8.49,21.15,0.15,0.38,0.46,0.575,0.5579,0.15,0.38,0.47
2670,0.5583,8.62,22.5,0.14,0.38,0.46,0.7833,0.5582,0.15,0.38,0.46
2680,0.5583,8.61,16.56,0.14,0.38,0.46,1.25,0.5583,0.14,0.38,0.46
2690,0.5582,8.65,20.02,0.14,0.38,0.46,0.7,0.5583,0.14,0.38,0.46
2700,0.5575,8.72,23.98,0.14,0.37,0.46,1.0333,0.5582,0.14,0.38,0.46
2710,0.5575,8.75,20.56,0.14,0.37,0.46,1.0,0.5575,0.14,0.37,0.46
2720,0.5577,8.87,18.33,0.14,0.37,0.45,0.6833,0.5575,0.14,0.37,0.46
2730,0.5579,8.92,24.05,0.14,0.37,0.45,1.0,0.5577,0.14,0.37,0.45
2740,0.5581,8.97,20.07,0.14,0.37,0.45,0.65,0.5579,0.14,0.37,0.45
2750,0.5583,9.05,23.17,0.14,0.37,0.45,0.7,0.5581,0.14,0.37,0.45
2760,0.5586,9.13,18.99,0.14,0.37,0.45,1.0,0.5583,0.14,0.37,0.45
2770,0.5588,9.39,17.14,0.14,0.36,0.45,1.4,0.5586,0.14,0.37,0.45
2780,0.5588,9.54,22.33,0.14,0.36,0.44,0.9333,0.5588,0.14,0.36,0.45
2790,0.5584,9.64,21.83,0.14,0.36,0.44,0.5,0.5588,0.14,0.36,0.44
2800,0.5592,9.76,21.25,0.14,0.36,0.44,0.5,0.5584,0.14,0.36,0.44
2810,0.5591,9.54,21.58,0.14,0.36,0.44,0.7,0.5592,0.14,0.36,0.44
2820,0.5599,9.57,21.39,0.14,0.36,0.44,0.0,0.5591,0.14,0.36,0.44
2830,0.5595,9.7,19.78,0.14,0.36,0.44,1.42,0.5599,0.14,0.36,0.44
2840,0.5594,9.9,21.32,0.16,0.36,0.44,0.7375,0.5595,0.14,0.36,0.44
2850,0.5599,10.02,20.75,0.16,0.35,0.43,0.65,0.5594,0.16,0.36,0.44
2860,0.5609,9.96,19.4,0.16,0.35,0.43,0.6833,0.5599,0.16,0.35,0.43
2870,0.562,9.92,19.52,0.16,0.35,0.43,0.65,0.5609,0.16,0.35,0.43
2880,0.5621,10.04,20.82,0.16,0.35,0.43,0.8375,0.562,0.16,0.35,0.43
2890,0.562,9.83,16.03,0.18,0.35,0.43,0.64,0.5621,0.16,0.35,0.43
2900,0.5628,9.9,24.62,0.18,0.35,0.43,0.8667,0.562,0.18,0.35,0.43
2910,0.5629,10.07,16.33,0.21,0.35,0.42,0.7357,0.5628,0.18,0.35,0.43
2920,0.5636,9.97,17.58,0.21,0.35,0.42,0.6167,0.5629,0.21,0.35,0.42
2930,0.5641,9.75,19.13,0.21,0.34,0.42,1.6,0.5636,0.21,0.35,0.42
2940,0.5638,9.47,20.07,0.21,0.34,0.42,0.5833,0.5641,0.21,0.34,0.42
2950,0.564,9.47,21.06,0.2,0.34,0.42,0.0,0.5638,0.21,0.34,0.42
2960,0.564,9.41,21.12,0.2,0.34,0.42,1.2,0.564,0.2,0.34,0.42
2970,0.5642,9.18,22.33,0.2,0.34,0.42,1.2333,0.564,0.2,0.34,0.42
2980,0.5641,8.77,20.73,0.2,0.34,0.41,0.7625,0.5642,0.2,0.34,0.42
2990,0.5643,8.67,17.21,0.2,0.34,0.41,1.25,0.5641,0.2,0.34,0.41
3000,0.5648,8.59,16.36,0.2,0.34,0.41,0.55,0.5643,0.2,0.34,0.41
