step,v2u_rate,v2i_rate,u2i_rate,task_waiting,task_offload,task_computing,task_done,task_failed,avg_running_compute_delay
10,0.0,0.0,0.0,0,0,0,0,0,0.0
20,0.0,0.0,0.0,0,0,0,0,0,0.0
30,0.0,0.0,0.0,0,0,0,0,0,0.0
40,0.0,0.0,0.0,0,0,0,0,0,0.0
50,0.0,0.0,0.0,0,0,1,0,0,0.65
60,0.0,0.0,0.0,0,0,1,1,0,1.2
70,0.0,0.0,0.0,0,0,1,1,0,0.2
80,0.0,0.0,0.0,0,0,0,2,0,0.0
90,0.0,0.0,0.0,0,0,0,5,0,0.0
100,0.0,0.0,0.0,0,0,0,6,0,0.0
110,0.0,0.0,0.0,0,0,2,6,0,1.2
120,0.0,0.0,0.0,0,0,3,6,0,0.35
130,0.0,0.0,0.0,0,0,6,8,0,0.8375
140,0.0,0.0,0.0,1,0,2,11,2,0.4167
150,0.0,0.0,0.0,0,0,1,13,2,0.25
160,0.0,0.0,0.0,0,0,0,14,2,0.0
170,0.0,0.0,0.0,0,0,5,14,2,0.8375
180,0.0,0.0,0.0,0,0,3,16,5,0.8083
190,0.0,0.0,0.0,1,0,1,17,6,0.3
200,0.0,0.0,0.0,0,0,1,18,6,0.8
210,0.0,0.0,0.0,0,0,1,19,6,1.4
220,0.0,0.0,0.0,0,0,2,19,6,0.6
230,0.0,0.0,0.0,0,0,0,21,8,0.0
240,0.0,0.0,0.31,0,0,1,22,8,1.3
250,0.0,0.0,0.3,0,0,1,22,8,0.3
260,0.0,0.0,0.29,0,0,1,23,8,1.3
270,0.0,0.0,0.28,0,0,2,23,8,0.75
280,0.0,0.0,0.27,0,0,1,24,8,0.2
290,0.28,0.0,0.26,0,0,1,26,8,1.2
300,0.27,0.0,0.25,0,0,2,26,9,0.35
310,0.27,0.0,0.24,0,0,2,28,10,0.8
320,0.26,0.0,0.23,1,0,2,30,10,0.85
330,0.25,0.0,0.23,0,0,2,31,10,1.6
340,0.24,0.0,0.22,0,0,4,31,12,1.5
350,0.23,0.0,0.21,0,0,4,32,12,1.0
360,0.23,0.0,0.21,0,0,4,33,14,1.05
370,0.22,0.0,0.2,0,0,3,34,15,0.6667
380,0.22,0.0,0.2,0,0,1,35,16,0.2
390,0.21,0.0,0.19,0,0,3,36,16,0.9667
400,0.21,0.0,0.19,2,0,2,38,16,0.55
410,0.2,0.0,0.18,1,0,2,40,16,0.6
420,0.2,0.0,0.18,0,0,2,40,18,0.75
430,0.19,0.0,0.17,1,0,3,42,18,0.8333
440,0.19,0.0,0.17,0,0,1,45,18,0.5
450,0.18,0.0,0.17,1,0,4,46,19,1.125
460,0.18,0.0,0.16,2,0,4,47,19,0.6667
470,0.17,0.0,0.16,1,0,6,49,22,0.8083
480,0.17,0.0,0.16,2,0,3,53,23,0.4
490,0.17,0.0,0.15,0,0,2,56,24,0.95
500,0.16,0.0,0.15,0,0,1,56,25,0.4
510,0.16,0.0,0.15,0,0,1,57,25,1.2
520,0.16,0.0,0.14,1,0,4,57,25,0.975
530,0.16,0.0,0.14,1,0,4,58,25,0.35
540,0.15,0.0,0.14,0,0,3,61,26,1.0333
550,0.15,0.0,0.14,0,0,4,62,26,0.825
560,0.15,0.0,0.13,1,0,4,64,26,0.65
570,0.14,0.0,0.13,0,0,3,66,27,0.5667
580,0.14,0.0,0.13,0,0,2,68,28,1.15
590,0.14,0.0,0.13,0,0,5,69,30,0.76
600,0.22,0.0,0.12,0,0,0,75,30,0.0
610,0.22,0.0,0.12,0,0,3,75,30,1.3
620,0.22,0.0,0.12,0,0,3,75,31,0.2
630,0.21,0.0,0.12,0,0,4,78,31,1.05
640,0.21,0.0,0.12,0,0,6,79,31,1.125
650,0.21,0.0,0.11,2,0,2,81,33,0.5
660,0.2,0.0,0.11,0,0,3,81,35,0.5667
670,0.2,0.0,0.11,0,0,4,84,35,1.25
680,0.2,0.0,0.11,0,0,5,84,35,0.4
690,0.2,0.0,0.11,0,0,26,88,35,1.1738
700,0.19,0.0,0.11,0,0,2,100,48,0.925
710,0.19,0.0,0.11,1,0,2,100,50,0.35
720,0.19,0.0,0.1,0,0,4,102,50,1.4
730,0.18,0.0,0.1,0,0,26,102,52,1.1143
740,0.18,0.0,0.1,0,0,4,115,64,1.2208
750,0.18,0.0,0.1,0,0,8,115,65,1.3467
760,0.18,0.0,0.1,2,0,5,117,70,1.0875
770,0.17,0.0,0.1,1,0,21,117,76,1.1719
780,0.17,0.0,0.1,0,0,3,126,89,0.85
790,0.17,0.0,0.09,0,0,2,127,89,0.125
800,0.17,0.0,0.09,0,0,2,129,89,1.15
810,0.17,0.0,0.09,2,0,26,129,89,1.2737
820,0.16,0.0,0.09,1,0,3,143,99,0.9833
830,0.16,0.0,0.09,0,0,2,143,106,1.25
840,0.16,0.0,0.09,0,0,3,143,106,0.5
850,0.16,0.0,0.09,1,0,19,146,106,0.9278
860,0.16,0.0,0.09,1,0,3,160,112,1.1722
870,0.15,0.0,0.09,0,0,4,160,113,0.4167
880,0.15,0.0,0.08,0,0,2,164,113,0.7
890,0.18,0.05,0.08,0,0,19,174,113,0.7321
900,0.17,0.05,0.08,1,0,5,186,116,0.46
910,0.17,0.05,0.08,0,0,2,189,118,0.45
920,0.17,0.05,0.08,0,0,3,191,118,0.8333
930,0.21,0.07,0.08,0,0,27,192,118,1.139
940,0.21,0.07,0.08,0,0,5,206,128,0.805
950,0.21,0.07,0.08,0,0,5,208,131,1.3
960,0.21,0.07,0.08,0,0,4,209,133,0.5875
970,0.26,0.09,0.08,1,0,21,211,134,0.9228
980,0.26,0.09,0.08,0,0,3,226,140,1.8833
990,0.26,0.09,0.08,0,0,4,226,141,1.2222
1000,0.25,0.09,0.07,1,0,4,226,145,0.9333
1010,0.27,0.1,0.07,2,0,26,227,147,1.2851
1020,0.27,0.1,0.17,1,0,7,239,157,1.0944
1030,0.27,0.1,0.16,0,0,1,239,165,0.6
1040,0.27,0.1,0.16,0,0,1,240,165,0.25
1050,0.26,0.12,0.18,0,0,23,241,165,0.94
1060,0.26,0.18,0.18,0,0,4,255,174,1.3344
1070,0.26,0.17,0.18,2,0,2,257,176,0.425
1080,0.26,0.17,0.18,0,0,2,259,177,0.8
1090,0.25,0.19,0.19,1,0,23,260,177,0.871
1100,0.25,0.19,0.19,0,0,4,279,181,1.1
1110,0.25,0.19,0.19,0,0,5,280,183,0.82
1120,0.25,0.18,0.19,1,0,2,283,183,0.35
1130,0.24,0.2,0.21,1,0,24,285,183,0.9673
1140,0.24,0.2,0.2,2,0,3,299,192,1.35
1150,0.24,0.2,0.2,2,0,4,299,195,0.625
1160,0.24,0.2,0.2,1,0,2,301,197,0.3
1170,0.24,0.19,0.22,1,0,24,303,197,1.2617
1180,0.23,0.19,0.23,2,0,8,313,210,1.1183
1190,0.23,0.19,0.29,0,0,8,313,212,0.3757
1200,0.23,0.19,0.29,0,0,0,321,212,0.0
1210,0.23,0.19,0.3,1,0,24,321,212,1.2179
1220,0.23,0.19,0.3,0,0,5,332,222,1.2083
1230,0.22,0.18,0.3,0,0,2,332,227,0.5
1240,0.22,0.18,0.3,0,0,0,334,227,0.0
1250,0.22,0.18,0.37,2,0,27,334,227,1.323
1260,0.22,0.18,0.37,0,0,9,345,237,1.01
1270,0.22,0.18,0.36,0,0,3,345,248,0.5667
1280,0.22,0.18,0.36,0,0,1,348,248,1.3
1290,0.21,0.18,0.36,1,0,20,348,248,1.0765
1300,0.21,0.17,0.36,0,0,5,362,252,0.97
1310,0.21,0.17,0.35,0,0,1,363,255,0.2
1320,0.21,0.17,0.35,0,0,1,364,255,1.3
1330,0.21,0.17,0.36,0,0,26,364,256,1.0452
1340,0.21,0.17,0.36,1,0,6,379,263,1.08
1350,0.2,0.17,0.36,1,0,6,380,268,0.7667
1360,0.2,0.17,0.42,0,0,3,384,268,0.2333
1370,0.2,0.17,0.43,1,0,23,387,268,1.065
1380,0.2,0.16,0.43,0,0,5,399,278,1.0333
1390,0.2,0.16,0.42,0,0,3,399,282,0.4222
1400,0.2,0.16,0.42,1,0,5,402,282,0.94
1410,0.2,0.16,0.43,2,0,26,403,283,1.1395
1420,0.19,0.16,0.43,0,0,7,415,296,1.0357
1430,0.19,0.16,0.48,1,0,4,416,300,0.295
1440,0.19,0.16,0.55,1,0,0,421,300,0.0
1450,0.19,0.16,0.56,1,0,25,421,300,1.1005
1460,0.19,0.16,0.63,1,0,7,429,315,0.8836
1470,0.19,0.15,0.67,0,0,9,429,321,0.4012
1480,0.19,0.15,0.67,0,0,3,436,324,0.7133
1490,0.19,0.15,0.66,1,0,21,437,325,0.91
1500,0.18,0.15,0.66,0,0,3,453,330,1.0833
1510,0.18,0.15,0.65,0,0,3,453,331,0.3667
1520,0.18,0.15,0.65,1,0,4,456,331,1.25
1530,0.18,0.15,0.66,3,0,27,456,331,1.005
1540,0.18,0.15,0.65,0,0,5,471,344,1.1733
1550,0.18,0.15,0.65,0,0,6,471,347,0.69
1560,0.18,0.15,0.65,0,0,1,475,349,1.2
1570,0.18,0.14,0.65,0,0,24,475,349,0.9757
1580,0.17,0.14,0.65,0,0,0,493,355,0.0
1590,0.17,0.14,0.65,0,0,1,493,355,0.6
1600,0.17,0.14,0.64,0,0,1,494,355,1.3
1610,0.17,0.14,0.65,1,0,25,494,355,0.9777
1620,0.17,0.14,0.65,0,0,5,510,363,0.945
1630,0.17,0.14,0.64,0,0,4,510,365,0.3125
1640,0.17,0.14,0.7,0,0,2,514,365,0.47
1650,0.17,0.14,0.69,1,0,25,515,365,1.0359
1660,0.17,0.14,0.74,0,0,4,532,372,1.4222
1670,0.17,0.14,0.74,0,0,4,532,374,1.2389
1680,0.16,0.13,0.74,0,0,1,533,376,0.1
1690,0.16,0.13,0.73,0,0,25,534,376,1.2075
1700,0.16,0.13,0.73,0,0,3,548,385,0.9611
1710,0.16,0.13,0.72,1,0,0,548,389,0.0
1720,0.16,0.13,0.72,0,0,2,548,389,0.75
1730,0.16,0.13,0.71,0,0,20,549,389,1.2911
1740,0.16,0.13,0.71,0,0,2,559,399,1.3
1750,0.16,0.13,0.71,0,0,4,559,400,0.775
1760,0.16,0.13,0.7,0,0,2,560,403,0.25
1770,0.16,0.13,0.7,1,0,21,562,403,1.0861
1780,0.15,0.13,0.69,0,0,5,575,408,0.9875
1790,0.15,0.13,0.69,0,0,1,576,411,0.3
1800,0.15,0.13,0.69,1,0,2,577,411,1.05
1810,0.15,0.13,0.68,1,0,27,578,411,1.1795
1820,0.15,0.12,0.68,1,0,6,589,425,1.7333
1830,0.15,0.12,0.68,0,0,6,589,428,0.8467
1840,0.15,0.12,0.67,0,0,2,592,432,1.05
1850,0.15,0.12,0.67,3,0,26,592,432,1.2125
1860,0.15,0.12,0.66,2,0,9,606,442,1.1625
1870,0.15,0.12,0.66,1,0,11,607,449,1.0704
1880,0.15,0.12,0.66,0,0,7,612,450,0.7278
1890,0.15,0.13,0.65,1,0,23,615,452,1.0665
1900,0.15,0.13,0.65,1,0,4,626,462,0.7438
1910,0.14,0.16,0.65,0,0,0,630,463,0.0
1920,0.14,0.16,0.64,0,0,2,630,463,1.05
1930,0.14,0.17,0.64,1,0,25,631,463,1.0059
1940,0.14,0.23,0.64,0,0,4,646,472,0.7775
1950,0.14,0.23,0.63,0,0,2,646,478,0.58
1960,0.14,0.22,0.63,0,0,2,647,478,0.55
1970,0.14,0.23,0.63,1,0,22,648,478,0.8419
1980,0.14,0.23,0.62,0,0,4,665,483,1.05
1990,0.14,0.27,0.62,0,0,5,666,484,0.71
2000,0.14,0.27,0.62,2,0,4,668,485,0.6975
2010,0.14,0.28,0.62,1,0,27,669,487,1.1433
2020,0.14,0.28,0.61,0,0,5,681,501,1.03
2030,0.14,0.28,0.61,0,0,2,681,504,0.1667
2040,0.14,0.28,0.61,1,0,2,682,505,0.8
2050,0.13,0.29,0.6,1,0,25,683,505,1.1285
2060,0.13,0.29,0.6,1,0,5,693,519,1.0733
2070,0.13,0.28,0.6,0,0,7,693,523,0.7944
2080,0.13,0.28,0.59,1,0,3,696,524,0.2333
2090,0.15,0.29,0.59,1,0,22,698,525,0.871
2100,0.15,0.29,0.59,0,0,4,716,529,1.0375
2110,0.15,0.29,0.59,1,0,3,717,530,0.35
2120,0.15,0.29,0.58,0,0,3,720,530,0.8667
2130,0.17,0.3,0.58,1,0,23,721,531,0.8982
2140,0.16,0.29,0.58,0,0,5,734,542,1.2
2150,0.16,0.29,0.58,0,0,7,734,545,0.75
2160,0.16,0.33,0.57,1,0,7,739,545,0.8933
2170,0.18,0.34,0.57,3,0,24,743,545,1.3006
2180,0.18,0.34,0.57,1,0,5,752,561,1.0
2190,0.18,0.37,0.56,0,0,6,753,563,0.41
2200,0.18,0.37,0.56,0,0,2,759,563,1.3
2210,0.17,0.38,0.56,2,0,26,759,564,0.9513
2220,0.17,0.38,0.56,0,0,7,777,571,1.3056
2230,0.17,0.41,0.55,1,0,9,777,574,0.5807
2240,0.17,0.41,0.55,0,0,6,783,578,1.14
2250,0.17,0.41,0.55,0,0,26,784,579,0.9877
2260,0.17,0.41,0.55,0,0,2,800,589,1.2167
2270,0.17,0.41,0.54,0,0,2,800,589,0.2167
2280,0.17,0.41,0.54,0,0,1,802,589,0.9
2290,0.17,0.41,0.54,2,0,24,802,589,1.085
2300,0.17,0.41,0.54,0,0,4,817,598,0.975
2310,0.17,0.4,0.54,0,0,6,818,599,1.3375
2320,0.17,0.4,0.53,0,0,6,820,601,1.19
2330,0.17,0.4,0.53,1,0,24,821,604,1.2842
2340,0.16,0.4,0.53,0,0,3,830,619,1.0833
2350,0.16,0.4,0.53,0,0,3,830,621,0.6333
2360,0.16,0.4,0.52,1,0,3,832,621,0.8333
2370,0.16,0.39,0.52,2,0,28,833,621,1.37
2380,0.16,0.39,0.52,1,0,8,843,635,1.0479
2390,0.16,0.39,0.52,0,0,5,843,640,0.6833
2400,0.16,0.39,0.52,0,0,2,845,642,0.9
2410,0.16,0.39,0.51,1,0,25,846,643,1.3553
2420,0.16,0.39,0.51,1,0,5,857,654,1.0
2430,0.16,0.38,0.51,1,0,4,858,658,1.2333
2440,0.16,0.38,0.51,1,0,6,859,659,0.87
2450,0.16,0.38,0.5,2,0,24,862,660,1.3
2460,0.16,0.38,0.5,0,0,3,874,674,1.0333
2470,0.16,0.38,0.5,0,0,2,874,676,0.65
2480,0.16,0.38,0.5,0,0,3,876,676,0.9333
2490,0.15,0.37,0.5,1,0,27,876,676,1.245
2500,0.15,0.37,0.49,0,0,5,888,688,1.1467
2510,0.15,0.37,0.49,0,0,7,888,690,1.2867
2520,0.15,0.37,0.49,1,0,7,890,691,1.0889
2530,0.15,0.37,0.49,3,0,26,892,693,1.2456
2540,0.15,0.37,0.49,0,0,4,905,707,1.4278
2550,0.15,0.37,0.48,0,0,2,905,711,0.975
2560,0.15,0.36,0.48,0,0,3,906,712,1.0667
2570,0.15,0.36,0.48,1,0,24,907,712,1.2889
2580,0.15,0.36,0.48,1,0,6,915,727,1.0556
2590,0.15,0.36,0.48,2,0,5,915,730,0.39
2600,0.15,0.36,0.48,0,0,5,918,733,1.6
2610,0.15,0.36,0.47,0,0,4,919,736,0.8
2620,0.15,0.36,0.47,0,0,4,922,737,1.075
2630,0.15,0.38,0.47,0,0,0,927,737,0.0
2640,0.15,0.38,0.47,0,0,3,927,737,0.7667
2650,0.15,0.38,0.47,1,0,3,930,737,1.1333
2660,0.15,0.38,0.46,1,0,4,931,737,0.575
2670,0.14,0.38,0.46,0,0,3,933,738,0.7833
2680,0.14,0.38,0.46,0,0,3,934,739,1.25
2690,0.14,0.38,0.46,1,0,1,935,740,0.7
2700,0.14,0.37,0.46,1,0,3,935,742,1.0333
2710,0.14,0.37,0.46,0,0,5,936,743,1.0
2720,0.14,0.37,0.45,0,0,3,938,744,0.6833
2730,0.14,0.37,0.45,1,0,1,940,745,1.0
2740,0.14,0.37,0.45,0,0,2,941,745,0.65
2750,0.14,0.37,0.45,0,0,1,943,746,0.7
2760,0.14,0.37,0.45,0,0,2,944,746,1.0
2770,0.14,0.36,0.45,0,0,3,945,746,1.4
2780,0.14,0.36,0.44,1,0,3,946,747,0.9333
2790,0.14,0.36,0.44,1,0,3,947,749,0.5
2800,0.14,0.36,0.44,1,0,1,950,749,0.5
2810,0.14,0.36,0.44,0,0,3,951,750,0.7
2820,0.14,0.36,0.44,2,0,0,954,750,0.0
2830,0.14,0.36,0.44,0,0,7,954,751,1.42
2840,0.16,0.36,0.44,0,0,4,956,753,0.7375
2850,0.16,0.35,0.43,0,0,6,958,753,0.65
2860,0.16,0.35,0.43,1,0,6,962,753,0.6833
2870,0.16,0.35,0.43,0,0,5,966,753,0.65
2880,0.16,0.35,0.43,1,0,4,969,755,0.8375
2890,0.18,0.35,0.43,0,0,5,970,756,0.64
2900,0.18,0.35,0.43,1,0,4,973,756,0.8667
2910,0.21,0.35,0.42,0,0,7,975,757,0.7357
2920,0.21,0.35,0.42,0,0,3,979,758,0.6167
2930,0.21,0.34,0.42,0,0,3,981,758,1.6
2940,0.21,0.34,0.42,0,0,3,981,759,0.5833
2950,0.2,0.34,0.42,0,0,0,983,760,0.0
2960,0.2,0.34,0.42,0,0,3,983,760,1.2
2970,0.2,0.34,0.42,0,0,4,984,760,1.2333
2980,0.2,0.34,0.41,0,0,4,985,761,0.7625
2990,0.2,0.34,0.41,0,0,7,987,762,1.25
3000,0.2,0.34,0.41,0,0,5,989,762,0.55
